<?xml version="1.0" encoding="UTF-8"?>
<students>
	<student rollNo="1001">
		<firstname>Sabbir</firstname>
		<lastname>patel</lastname>
		<sem1marks>85</sem1marks>
		<sem2marks>75</sem2marks>
		<sem3marks>95</sem3marks>
		<sem4marks>54</sem4marks>
		<sem5marks>80</sem5marks>
		<sem6marks>85</sem6marks>
	</student>
	<student rollNo="1002">
		<firstname>Kinshuk</firstname>
		<lastname>Jain</lastname>
		<sem1marks>85</sem1marks>
		<sem2marks>75</sem2marks>
		<sem3marks>95</sem3marks>
		<sem4marks>54</sem4marks>
		<sem5marks>80</sem5marks>
		<sem6marks>85</sem6marks>
	</student>
	<student rollNo="1003">
		<firstname>Amit</firstname>
		<lastname>patel</lastname>
		<sem1marks>85</sem1marks>
		<sem2marks>75</sem2marks>
		<sem3marks>95</sem3marks>
		<sem4marks>54</sem4marks>
		<sem5marks>80</sem5marks>
		<sem6marks>85</sem6marks>
	</student>
</students>