<?xml version='1.0' encoding='utf-8'?>
<!DOCTYPE hibernate-configuration PUBLIC
"-//Hibernate/Hibernate Configuration DTD//EN"
"http://hibernate.sourceforge.net/hibernate-configuration-5.0.dtd">
<hibernate-configuration>
	<session-factory>
		<property name="hibernate.connection.driver_class">com.mysql.cj.jdbc.Driver</property>
		<property name="hibernate.connection.url">jdbc:mysql://localhost:3306/quizdb2</property>
		<property name="hibernate.connection.username">root</property>
		<property name="hibernate.connection.password">root</property>
		<property name="show_sql">false</property>
		<property name="hibernate.dialect">org.hibernate.dialect.MySQL5Dialect</property>
		<property name="hibernate.hbm2ddl.auto">update</property>

		<mapping class="com.yash.entities.Module"></mapping>
		<mapping class="com.yash.entities.Question"></mapping>
		<mapping class="com.yash.entities.Option"></mapping>
		<mapping class="com.yash.entities.Countries"></mapping>
		<mapping class="com.yash.entities.States"></mapping>
		<mapping class="com.yash.entities.Cities"></mapping>
		<mapping class="com.yash.entities.QuizScores"></mapping>
		<mapping class="com.yash.entities.User"></mapping>
		<mapping class="com.yash.entities.UserCredentials"></mapping>
		<mapping class="com.yash.entities.Authorities"></mapping>
		
	</session-factory>
</hibernate-configuration>