<?xml version='1.0' encoding='utf-8'?>
<!DOCTYPE hibernate-configuration PUBLIC
"-//Hibernate/Hibernate Configuration DTD//EN"
"http://hibernate.sourceforge.net/hibernate-configuration-3.0.dtd">

<hibernate-configuration>
<session-factory>
<property name="hibernate.connection.driver_class">com.mysql.jdbc.Driver</property>
<property name="hibernate.connection.url">jdbc:mysql://localhost:3306/testhibernate</property>
<property name="hibernate.connection.username">root</property>
<property name="hibernate.connection.password">root</property>
<property name="show_sql">true</property>
<property name="dialect">org.hibernate.dialect.MySQL5Dialect</property>
<property name="hibernate.hbm2ddl.auto">update</property>
<property name="hibernate.cache.use_second_level_cache">true</property>
<property name="hibernate.cache.provider_class">org.hibernate.cache.EhCacheProvider</property>
<property name="net.sf.ehcache.configurationResourceName">ehcache.xml</property>

<!-- Mapping files 
<mapping resource=""/>
-->
<mapping class="com.yash.entity.Employee"></mapping>
</session-factory>
</hibernate-configuration>