<?xml version="1.0" encoding="UTF-8"?>
<beans xmlns="http://www.springframework.org/schema/beans"
    xmlns:xsi="http://www.w3.org/2001/XMLSchema-instance"
    xmlns:ctx="http://www.springframework.org/schema/context"
    xmlns:aop="http://www.springframework.org/schema/aop"
    xmlns:c="http://www.springframework.org/schema/c"
    xsi:schemaLocation="http://www.springframework.org/schema/beans
        http://www.springframework.org/schema/beans/spring-beans.xsd
        http://www.springframework.org/schema/context
	    http://www.springframework.org/schema/context/spring-context.xsd
	    http://www.springframework.org/schema/aop		
        http://www.springframework.org/schema/aop/spring-aop.xsd">
	    <ctx:annotation-config></ctx:annotation-config>
	    <ctx:component-scan base-package="com.yash.*"></ctx:component-scan>
	    
    <bean id="dataSource" class="com.yash.integrate.DataSource">
    <property name="driver" value="${driver}"></property>
    <property name="url" value="${url}"></property>
    <property name="username" value="${username}"></property>
    <property name="password" value="${password}"></property>
    </bean>
 
    <bean id="propertyConfigurerDB" class="org.springframework.beans.factory.config.PropertyPlaceholderConfigurer">
    <property name="locations">
    <list>
    <value>classpath:db.properties</value>
    </list>
    </property>
    </bean>
    
    <bean id="drivermanagerdatasource" class="org.springframework.jdbc.datasource.DriverManagerDataSource">
    <property name="driverClassName" value="${driver}"/>
    <property name="url" value="${url}"></property>
    <property name="username" value="${username}"></property>
    <property name="password" value="${password}"></property>
    </bean>
    
    <bean id="jdbctemplate" class="org.springframework.jdbc.core.JdbcTemplate">
    <constructor-arg index="0" ref="drivermanagerdatasource"></constructor-arg>
    </bean>
    <bean id="employeeDBQuery" class="com.yash.helper.EmployeeDBQuery">
    <property name="selectEmployeeQuery" value="select emp_id,emp_name,emp_salary,emp_designation from emp"></property>
    <property name="insertEmployeeQuery" value="insert into emp(emp_id,emp_name,emp_salary,emp_designation) values(?,?,?,?)"></property>
    <property name="updateEmployeeQuery" value="update emp set emp_salary=? where emp_id=?"></property>
    <property name="deleteEmployeeQuery" value="delete from emp where emp_id=?"></property>
    <property name="selectEmployeeByIdQuery" value="select emp_id,emp_name,emp_salary,emp_designation from emp where emp_id=?"></property>
    <property name="selectEmployeeDesignationQuery" value="select designation_name from designation"/>
    <property name="checkEmpIdQuery" value="select emp_id from emp where emp_id=?"/>
    </bean>
    <!-- 
    <bean id="entityManagerFactory" class="org.springframework.orm.jpa.LocalContainerEntityManagerFactoryBean">
    <property name="dataSource" ref="drivermanagerdatasource"></property>
    <property name="persistenceUnitName" value="JPA1"></property>
    <property name="jpaVendorAdapter">
    <bean class="org.springframework.orm.jpa.vendor.HibernateJpaVendorAdapter">
    <property name="database" value="MYSQL"/>
    <property name="showSql" value="true"/>
    </bean>
    </property>
    </bean>
     -->
    <bean id="sessionFactory" class="org.springframework.orm.hibernate5.LocalSessionFactoryBean">
    <property name="dataSource" ref="drivermanagerdatasource"/>
    <property name="configLocation">
    <value>classpath:hibernate.cfg.xml</value>
    </property>
    </bean>
</beans>



	