<?xml version="1.0" encoding="UTF-8"?>
<beans xmlns="http://www.springframework.org/schema/beans"
	xmlns:ctx="http://www.springframework.org/schema/context"
	xmlns:jee="http://www.springframework.org/schema/jee" 
	xmlns:aop="http://www.springframework.org/schema/aop"
	xmlns:p="http://www.springframework.org/schema/p"
	xmlns:xsi="http://www.w3.org/2001/XMLSchema-instance"
	xsi:schemaLocation="http://www.springframework.org/schema/beans 
	http://www.springframework.org/schema/beans/spring-beans-2.5.xsd
	http://www.springframework.org/schema/context
	http://www.springframework.org/schema/context/spring-context-2.5.xsd
	http://www.springframework.org/schema/aop		
    http://www.springframework.org/schema/aop/spring-aop-2.5.xsd">
	
	<ctx:component-scan base-package="com.yash.*"></ctx:component-scan>

  <bean class="org.springframework.web.servlet.view.InternalResourceViewResolver">
  <property name="prefix" value="/WEB-INF/jsp/"/>
  <property name="suffix" value=".jsp"/>
  </bean>
	
 <bean id="messageSource" class="org.springframework.context.support.ReloadableResourceBundleMessageSource">
 <property name="basenames">
 <list>
 <value>WEB-INF/resources/UI</value>
  <value>WEB-INF/resources/error</value>
 </list>
 </property>
 </bean>
 
</beans>