{
    "testpaper": [
        {
            "module": {
                "moduleId": 1,
                "moduleName": "Java",
                "questions": [
                    {
                        "questionId": 101,
                        "quesDescription": "Which of the following option leads to the portability and security of Java? ",
                        "option": [
                            {
                                "optionId":1001,
                                "choice": 1,
                                "optionText": "Bytecode is executed by JVM"
                            },
                            {
                                "optionId":1002,
                                "choice": 0,
                                "optionText": "The applet makes the Java code secure and portable"
                            },
                            {
                                "optionId":1003,
                                "choice": 0,
                                "optionText": "Use of exception handling"
                            },
                            {
                                "optionId":1004,
                                "choice": 0,
                                "optionText": "Dynamic binding between objects"
                            }
                        ]
                    },
                    {
                        "questionId": 102,
                        "quesDescription": " Which of the following is not a Java features?",
                        "option": [
                            {
                                "optionId":1005,
                                "choice": 0,
                                "optionText": "Dynamic"
                            },
                            {
                                "optionId":1006,
                                "choice": 0,
                                "optionText": "Architecture Neutral"
                            },
                            {
                                "optionId":1007,
                                "choice": 1,
                                "optionText": "Use of pointers"
                            },
                            {
                                "optionId":1008,
                                "choice": 0,
                                "optionText": "Object-oriented"
                            }
                        ]
                    },
                    {
                        "questionId": 103,
                        "quesDescription": "_____ is used to find and fix bugs in the Java programs. ",
                        "option": [
                            {
                                "optionId":1009,
                                "choice": 0,
                                "optionText": "JVM"
                            },
                            {
                                "optionId":1010,
                                "choice": 0,
                                "optionText": "JRE"
                            },
                            {
                                "optionId":1011,
                                "choice": 1,
                                "optionText": "JDK"
                            },
                            {
                                "optionId":1012,
                                "choice": 0,
                                "optionText": "JDB"
                            }
                        ]
                    },
                    {
                        "questionId": 104,
                        "quesDescription": "Which of the following is a valid declaration of a char? ",
                        "option": [
                            {
                                "optionId":1013,
                                "choice": 1,
                                "optionText": "char ch ='\\utea';"
                            },
                            {
                                "optionId":1014,
                                "choice": 0,
                                "optionText": "char ca = 'tea';"
                            },
                            {
                                "optionId":1015,
                                "choice": 0,
                                "optionText": "char cr = \\u0223;"
                            },
                            {
                                "optionId":1016,
                                "choice": 0,
                                "optionText": "char cc = '\\itea';"
                            }
                        ]
                    },
                    {
                        "questionId": 105,
                        "quesDescription": " What is the return type of the hashCode() method in the Object class?",
                        "option": [
                            {
                                "optionId":1017,
                                "choice": 0,
                                "optionText": "Object"
                            },
                            {
                                "optionId":1018,
                                "choice": 1,
                                "optionText": "int"
                            },
                            {
                                "optionId":1019,
                                "choice": 0,
                                "optionText": "long"
                            },
                            {
                                "optionId":1020,
                                "choice": 0,
                                "optionText": "void"
                            }
                        ]
                    }
                ]
            }
        },
        {
            "module": {
                "moduleId": 2,
                "moduleName": "SQL",
                "questions": [
                    {
                        "questionId": 201,
                        "quesDescription": "What is the full form of SQL? ",
                        "option": [
                            {
                                "optionId":1021,
                                "choice": 0,
                                "optionText": "Structured Query List"
                            },
                            {
                                "optionId":1022,
                                "choice": 1,
                                "optionText": "Structure Query Language"
                            },
                            {
                                "optionId":1023,
                                "choice": 0,
                                "optionText": "Sample Query Language"
                            },
                            {
                                "optionId":1024,
                                "choice": 0,
                                "optionText": "None of these"
                            }
                        ]
                    },
                    {
                        "questionId": 202,
                        "quesDescription": " Which of the following is not a valid SQL type?",
                        "option": [
                            {
                                "optionId":1025,
                                "choice": 0,
                                "optionText": "FLOAT"
                            },
                            {
                                "optionId":1026,
                                "choice": 0,
                                "optionText": "NUMERIC"
                            },
                            {
                                "optionId":1027,
                                "choice": 1,
                                "optionText": "DECIMAL"
                            },
                            {
                                "optionId":1028,
                                "choice": 0,
                                "optionText": "CHARACTER"
                            }
                        ]
                    },
                    {
                        "questionId": 203,
                        "quesDescription": "Which of the following is not a DDL command?",
                        "option": [
                            {
                                "optionId":1029,
                                "choice": 0,
                                "optionText": "TRUNCATE"
                            },
                            {
                                "optionId":1030,
                                "choice": 0,
                                "optionText": "ALTER"
                            },
                            {
                                "optionId":1031,
                                "choice": 0,
                                "optionText": "CREATE"
                            },
                            {
                                "optionId":1032,
                                "choice": 1,
                                "optionText": "UPDATE"
                            }
                        ]
                    },
                    {
                        "questionId": 204,
                        "quesDescription": "Which of the following are TCL commands?",
                        "option": [
                            {
                                "optionId":1033,
                                "choice": 1,
                                "optionText": "COMMIT and ROLLBACK"
                            },
                            {
                                "optionId":1034,
                                "choice": 0,
                                "optionText": "UPDATE and TRUNCATE"
                            },
                            {
                                "optionId":1035,
                                "choice": 0,
                                "optionText": "SELECT and INSERT"
                            },
                            {
                                "optionId":1036,
                                "choice": 0,
                                "optionText": "GRANT and REVOKE"
                            }
                        ]
                    },
                    {
                        "questionId": 205,
                        "quesDescription": "Which statement is used to delete all rows in a table without having the action logged?",
                        "option": [
                            {
                                "optionId":1037,
                                "choice": 0,
                                "optionText": "DELETE"
                            },
                            {
                                "optionId":1038,
                                "choice": 0,
                                "optionText": "REMOVE"
                            },
                            {
                                "optionId":1039,
                                "choice": 0,
                                "optionText": "DROP"
                            },
                            {
                                "optionId":1040,
                                "choice": 1,
                                "optionText": "TRUNCATE"
                            }
                        ]
                    }
                ]
            }
        },
        {
            "module": {
                "moduleId": 3,
                "moduleName": "HTML",
                "questions": [
                    {
                        "questionId": 301,
                        "quesDescription":"The correct sequence of HTML tags for starting a webpage is - ",
                        "option": [
                            {
                                "optionId":1041,
                                "choice": 0,
                                "optionText":"Head, Title, HTML, body"
                            },
                            {
                                "optionId":1042,
                                "choice": 0,
                                "optionText": "HTML, Body, Title, Head"
                            },
                            {
                                "optionId":1043,
                                "choice": 0,
                                "optionText":"HTML, Title, Head, Body"
                            },
                            {
                                "optionId":1044,
                                "choice": 1,
                                "optionText":"HTML, Head, Title, Body"
                            }
                        ]
                    },
                    {
                        "questionId": 302,
                        "quesDescription":"Which of the following element is responsible for making the text bold in HTML?",
                        "option": [
                            {
                                "optionId":1045,
                                "choice": 0,
                                "optionText":"<\\pre>"
                            },
                            {
                                "optionId":1046,
                                "choice": 0,
                                "optionText":"<\\a>"
                            },
                            {
                                "optionId":1047,
                                "choice": 1,
                                "optionText":"<\\b>"
                            },
                            {
                                "optionId":1048,
                                "choice": 0,
                                "optionText":"<\\br>"
                            }
                        ]
                    },
                    {
                        "questionId": 303,
                        "quesDescription": "Which of the following tag is used to insert a line-break in HTML? ",
                        "option": [
                            {
                                "optionId":1049,
                                "choice": 1,
                                "optionText":"<\\br>"
                            },
                            {
                                "optionId":1050,
                                "choice": 0,
                                "optionText":"<\\a>"
                            },
                            {
                                "optionId":1051,
                                "choice": 0,
                                "optionText":"<\\pre>"
                            },
                            {
                                "optionId":1052,
                                "choice": 0,
                                "optionText":"<\\b>"
                            }
                        ]
                    },
                    {
                        "questionId": 304,
                        "quesDescription":"How to create an unordered list (a list with the list items in bullets) in HTML? ",
                        "option": [
                            {
                                "optionId":1053,
                                "choice": 0,
                                "optionText":"<\\ul>"
                            },
                            {
                                "optionId":1054,
                                "choice": 1,
                                "optionText":"<\\ol>"
                            },
                            {
                                "optionId":1055,
                                "choice": 0,
                                "optionText":"<\\li>"
                            },
                            {
                                "optionId":1056,
                                "choice": 0,
                                "optionText":"<\\i>"
                            }
                        ]
                    },
                    {
                        "questionId": 305,
                        "quesDescription": " Which character is used to represent the closing of a tag in HTML?",
                        "option": [
                            {
                                "optionId":1057,
                                "choice": 0,
                                "optionText": "\\"
                            },
                            {
                                "optionId":1058,
                                "choice": 0,
                                "optionText": "!"
                            },
                            {
                                "optionId":1059,
                                "choice": 1,
                                "optionText": "/"
                            },
                            {
                                "optionId":1060,
                                "choice": 0,
                                "optionText": "."
                            }
                        ]
                    }
                ]
            }
        },
        {
            "module": {
                "moduleId": 4,
                "moduleName": "CSS",
                "questions": [
                    {
                        "questionId": 401,
                        "quesDescription": "CSS stands for - ",
                        "option": [
                            {
                                "optionId":1061,
                                "choice": 0,
                                "optionText": "Cascade style sheets"
                            },
                            {
                                "optionId":1063,
                                "choice": 1,
                                "optionText": "Cascading style sheets"
                            },
                            {
                                "optionId":1062,
                                "choice": 0,
                                "optionText": "Color and style sheets"
                            },
                            {
                                "optionId":1064,
                                "choice": 0,
                                "optionText": "None of these"
                            }
                        ]
                    },
                    {
                        "questionId": 402,
                        "quesDescription": "The property in CSS used to change the background color of an element is ",
                        "option": [
                            {
                                "optionId":1065,
                                "choice": 0,
                                "optionText": "bgcolor"
                            },
                            {
                                "optionId":1066,
                                "choice": 0,
                                "optionText": "color"
                            },
                            {
                                "optionId":1067,
                                "choice": 1,
                                "optionText": "background-color"
                            },
                            {
                                "optionId":1068,
                                "choice": 0,
                                "optionText": "All of the above"
                            }
                        ]
                    },
                    {
                        "questionId": 403,
                        "quesDescription": "The CSS property used to control the element's font-size is?",
                        "option": [
                            {
                                "optionId":1069,
                                "choice": 0,
                                "optionText": "text-style"
                            },
                            {
                                "optionId":1070,
                                "choice": 0,
                                "optionText": " text-size"
                            },
                            {
                                "optionId":1071,
                                "choice": 1,
                                "optionText": "font-size"
                            },
                            {
                                "optionId":1072,
                                "choice": 0,
                                "optionText": "None of the above"
                            }
                        ]
                    },
                    {
                        "questionId": 404,
                        "quesDescription": "The HTML attribute used to define the inline styles is?",
                        "option": [
                            {
                                "optionId":1073,
                                "choice": 1,
                                "optionText": "style"
                            },
                            {
                                "optionId":1074,
                                "choice": 0,
                                "optionText": "styles"
                            },
                            {
                                "optionId":1075,
                                "choice": 0,
                                "optionText": "class"
                            },
                            {
                                "optionId":1076,
                                "choice": 0,
                                "optionText": "None of the above"
                            }
                        ]
                    },
                    {
                        "questionId": 405,
                        "quesDescription": "Which of the following is the correct syntax to make the background-color of all paragraph elements to yellow?",
                        "option": [
                            {
                                "optionId":1077,
                                "choice": 1,
                                "optionText": "p {background-color : yellow;}"
                            },
                            {
                                "optionId":1078,
                                "choice": 0,
                                "optionText": "p {background-color : #yellow;}"
                            },
                            {
                                "optionId":1079,
                                "choice": 0,
                                "optionText": "all {background-color : yellow;}"
                            },
                            {
                                "optionId":1080,
                                "choice": 0,
                                "optionText": "all p {background-color : #yellow;}"
                            }
                        ]
                    }
                ]
            }
        }
    ]
}