<?xml version="1.0" encoding="UTF-8"?>
<beans xmlns="http://www.springframework.org/schema/beans"
    xmlns:xsi="http://www.w3.org/2001/XMLSchema-instance"
    xmlns:c="http://www.springframework.org/schema/c"
    xmlns:p="http://www.springframework.org/schema/p"
    xsi:schemaLocation="http://www.springframework.org/schema/beans
        http://www.springframework.org/schema/beans/spring-beans.xsd">

 <bean id="b1" class="com.yash.bean.Bean1" ></bean>
 
  <bean id="b2" class="com.yash.bean.Bean1" scope="prototype" ></bean>
 

<alias name="b1" alias="alias1"></alias>
<alias name="b1" alias="alias2"></alias>

  <bean id="b3" class="com.yash.bean.Bean1" init-method="initMethod" destroy-method="destroyMethod"></bean>

  <bean id="b4" class="com.yash.bean.Bean1" factory-method="createInstance"></bean>
  
  <bean id="datasource1" class="com.yash.bean.DataSource1">
  <constructor-arg index="0" value="com.mysql.jdbc.Driver"></constructor-arg>
  <constructor-arg index="1" value="jdbc:mysql://localhost:3306/test"></constructor-arg>
  <constructor-arg index="2" value="root"></constructor-arg>
  <constructor-arg index="3" value="root"></constructor-arg> 
  </bean>
  
  <bean id="datasource11" class="com.yash.bean.DataSource1" c:driver="com.mysql.jdbc.Driver" c:url="jdbc:mysql://localhost:3306/test" c:username="root" c:password="root"></bean>
  
  <bean id="datasource2" class="com.yash.bean.DataSource2">
  <property name="driver" value="com.mysql.jdbc.Driver"></property>
  <property name="url" value="jdbc:mysql://localhost:3306/test"></property>
  <property name="username" value="root"></property>
  <property name="password" value="root"></property>
  </bean>
  
  <bean id="datasource21" class="com.yash.bean.DataSource2" p:driver="com.mysql.jdbc.Driver" p:url="jdbc:mysql://localhost:3306/test" p:username="root" p:password="root"></bean>
  
  <bean id="beanintf" class="com.yash.bean.Bean2">
  </bean>

  <bean id="beancollection" class="com.yash.bean.BeanCollection">
  <property name="cityNames">
  <list>
  <value>Pune</value>
  <value>Indore</value>
  <value>Hyderabad</value>
  </list>
  </property>
  
   <property name="countryNames">
  <set>
  <value>India</value>
  <value>USA</value>
  <value>China</value>
  </set>
  </property>
  <property name="regionNames">
  <map>
  <entry key="R01" value="Asia-Pacific"></entry>
  <entry key="R02" value="NA"></entry>
  <entry key="R03" value="Europe"></entry>
  </map>
  </property>
  
   
 </bean>
 <!-- manual wiring
   <bean id="databean1" class="com.yash.bean.DataBean"></bean>
   <bean id="databean2" class="com.yash.bean.DataBean" scope="prototype"></bean>
   
   <bean id="servicebean" class="com.yash.bean.ServiceBean">
   <constructor-arg index="0" ref="databean1"></constructor-arg>
   </bean>
   
    <bean id="controllerbean" class="com.yash.bean.ControllerBean">
   <constructor-arg index="0" ref="servicebean"></constructor-arg>
   </bean>
   
   -->
   <bean id="dataBean1" class="com.yash.bean.DataBean1"></bean> 
   <bean id="databean12" class="com.yash.bean.DataBean1" scope="prototype"></bean>
   
   <!-- 
   <bean id="servicebean1" class="com.yash.bean.ServiceBean1">
   <property name="dataBean1" ref="databean12"></property>
   </bean>
   
     <bean id="controllerbean1" class="com.yash.bean.ControllerBean1">
   <property name="serviceBean1" ref="servicebean1"></property>
   </bean>
    -->

   <!-- Auto wiring -->
   <bean id="servicebeanauto" class="com.yash.bean.ServiceBean1" autowire="byName">
   </bean>
   
    <bean id="controllerbeanauto" class="com.yash.bean.ControllerBean1" autowire="byType">
   </bean>
   
   <bean id="impl1" class="com.yash.bean.IntfImpl1"></bean>
   <bean id="intf" class="com.yash.bean.IntfImpl2"></bean>
   <bean id="bean4" class="com.yash.bean.Bean4" autowire="byName">
   </bean>
   
   <bean id="prototypebean" class="com.yash.bean.PrototypeBean" init-method="initMethod" destroy-method="destroyMethod" scope="prototype"></bean>
<bean id="beanlifecycletracker" class="com.yash.bean.BeanLifeCycleTracker"/>
</beans>



	