<?xml version="1.0" encoding="UTF-8"?>
<students>
<student rollNo="1001">
<firstname>amit</firstname>
<lastname>patel</lastname>
<semester1marks>85</semester1marks>
<semester2marks>81</semester2marks>
<semester3marks>76</semester3marks>
<semester4marks>89</semester4marks>
<semester5marks>73</semester5marks>
<semester6marks>77</semester6marks>
</student>
<student rollNo="1002">
<firstname>rachit</firstname>
<lastname>shah</lastname>
<semester1marks>65</semester1marks>
<semester2marks>71</semester2marks>
<semester3marks>66</semester3marks>
<semester4marks>69</semester4marks>
<semester5marks>63</semester5marks>
<semester6marks>67</semester6marks>
</student>
<student rollNo="1003">
<firstname>priya</firstname>
<lastname>seth</lastname>
<semester1marks>45</semester1marks>
<semester2marks>81</semester2marks>
<semester3marks>86</semester3marks>
<semester4marks>85</semester4marks>
<semester5marks>63</semester5marks>
<semester6marks>67</semester6marks>
</student>
</students>